{
    "mapid": 1002,
    "res": "map1",
    "objs": [
        {
            "id": 10000,
            "x": -7.27999973,
            "y": 1.785,
            "z": 5.14999962
        }
    ]
}