{"cameraMode":{"drawMode":0,"name":"Shaded","section":"Shading Mode"},"sceneLighting":true,"audioPlay":false,"sceneViewState":{"showFog":true,"showMaterialUpdate":true,"showSkybox":true,"showFlares":true,"showImageEffects":true,"showParticleSystems":true},"in2DMode":false,"pivot":{"x":1.7779998779296876,"y":-0.06000000238418579,"z":6.320000171661377},"rotation":{"x":-0.1686730682849884,"y":0.46160006523132326,"z":-0.08988088369369507,"w":-0.8662541508674622},"size":2.8578836917877199,"orthographic":false}